{
 "acc_macro": [
  0.0022423241641671954,
  0.0030362414995269617,
  0.004510761860632167,
  0.0035932922293490746,
  0.0,
  0.0,
  0.0,
  0.0,
  0.0,
  0.0,
  0.0,
  0.0,
  0.0,
  0.0,
  0.0,
  0.0,
  0.0,
  0.0,
  0.0,
  0.0,
  0.0,
  0.0,
  0.0,
  0.0,
  0.0,
  0.0,
  0.0,
  0.0,
  0.0,
  0.0,
  0.0,
  0.0,
  0.0,
  0.0
 ],
 "prec_macro": [
  0.003199961869230468,
  0.0035517701863502973,
  0.004655516095982267,
  0.003991210809392628,
  0.0,
  0.0,
  0.0,
  0.0,
  0.0,
  0.0,
  0.0,
  0.0,
  0.0,
  0.0,
  0.0,
  0.0,
  0.0,
  0.0,
  0.0,
  0.0,
  0.0,
  0.0,
  0.0,
  0.0,
  0.0,
  0.0,
  0.0,
  0.0,
  0.0,
  0.0,
  0.0,
  0.0,
  0.0,
  0.0
 ],
 "rec_macro": [
  0.41826799140164583,
  0.22385242909475297,
  0.06821548821548822,
  0.009494949494949495,
  0.0,
  0.0,
  0.0,
  0.0,
  0.0,
  0.0,
  0.0,
  0.0,
  0.0,
  0.0,
  0.0,
  0.0,
  0.0,
  0.0,
  0.0,
  0.0,
  0.0,
  0.0,
  0.0,
  0.0,
  0.0,
  0.0,
  0.0,
  0.0,
  0.0,
  0.0,
  0.0,
  0.0,
  0.0,
  0.0
 ],
 "f1_macro": [
  0.00635133282717071,
  0.006992591924989188,
  0.008716177480553939,
  0.005620034791767685,
  0.0,
  0.0,
  0.0,
  0.0,
  0.0,
  0.0,
  0.0,
  0.0,
  0.0,
  0.0,
  0.0,
  0.0,
  0.0,
  0.0,
  0.0,
  0.0,
  0.0,
  0.0,
  0.0,
  0.0,
  0.0,
  0.0,
  0.0,
  0.0,
  0.0,
  0.0,
  0.0,
  0.0,
  0.0,
  0.0
 ],
 "acc_micro": [
  0.003774480360095808,
  0.004762684124386252,
  0.00459311898778057,
  0.0017908309455587394,
  0.0,
  0.0,
  0.0,
  0.0,
  0.0,
  0.0,
  0.0,
  0.0,
  0.0,
  0.0,
  0.0,
  0.0,
  0.0,
  0.0,
  0.0,
  0.0,
  0.0,
  0.0,
  0.0,
  0.0,
  0.0,
  0.0,
  0.0,
  0.0,
  0.0,
  0.0,
  0.0,
  0.0,
  0.0,
  0.0
 ],
 "prec_micro": [
  0.003801656596135605,
  0.004856637404452752,
  0.005237671706690384,
  0.0037764350453172208,
  0.0,
  0.0,
  0.0,
  NaN,
  NaN,
  NaN,
  NaN,
  NaN,
  NaN,
  NaN,
  NaN,
  NaN,
  NaN,
  NaN,
  NaN,
  NaN,
  NaN,
  NaN,
  NaN,
  NaN,
  NaN,
  NaN,
  NaN,
  NaN,
  NaN,
  NaN,
  NaN,
  NaN,
  NaN,
  NaN
 ],
 "rec_micro": [
  0.3455532926001358,
  0.1975560081466395,
  0.03598099117447386,
  0.0033944331296673455,
  0.0,
  0.0,
  0.0,
  0.0,
  0.0,
  0.0,
  0.0,
  0.0,
  0.0,
  0.0,
  0.0,
  0.0,
  0.0,
  0.0,
  0.0,
  0.0,
  0.0,
  0.0,
  0.0,
  0.0,
  0.0,
  0.0,
  0.0,
  0.0,
  0.0,
  0.0,
  0.0,
  0.0,
  0.0,
  0.0
 ],
 "f1_micro": [
  0.007520574459597228,
  0.009480216969914157,
  0.00914423740510697,
  0.003575259206292456,
  0.0,
  0.0,
  0.0,
  NaN,
  NaN,
  NaN,
  NaN,
  NaN,
  NaN,
  NaN,
  NaN,
  NaN,
  NaN,
  NaN,
  NaN,
  NaN,
  NaN,
  NaN,
  NaN,
  NaN,
  NaN,
  NaN,
  NaN,
  NaN,
  NaN,
  NaN,
  NaN,
  NaN,
  NaN,
  NaN
 ],
 "rec_at_8": [
  0.021480303833245007,
  0.016975799328740503,
  0.01558393127020578,
  0.012497511517119359,
  0.276882484725622,
  0.2954010032441405,
  0.3024080102511475,
  0.30340901125214853,
  0.30340901125214853,
  0.3044100122531495,
  0.30340901125214853,
  0.3064120142551515,
  0.3893362550225295,
  0.42484795720089835,
  0.42484795720089835,
  0.42484795720089835,
  0.42484795720089835,
  0.4513744837274249,
  0.48184662253289706,
  0.47767578502872615,
  0.48101245503206286,
  0.49348206750167534,
  0.5074587893215344,
  0.5050102623632036,
  0.5061780968643714,
  0.5055107628637041,
  0.5055107628637041,
  0.5055107628637041,
  0.5055107628637041,
  0.5055107628637041,
  0.5055107628637041,
  0.5055107628637041,
  0.5055107628637041,
  0.5074587893215344
 ],
 "prec_at_8": [
  0.004129129129129129,
  0.0033783783783783786,
  0.0035035035035035035,
  0.002877877877877878,
  0.037037037037037035,
  0.03916416416416416,
  0.04016516516516516,
  0.04029029029029029,
  0.04029029029029029,
  0.040415415415415414,
  0.04029029029029029,
  0.04079079079079079,
  0.056056056056056056,
  0.06243743743743744,
  0.06243743743743744,
  0.06243743743743744,
  0.06243743743743744,
  0.0656906906906907,
  0.07007007007007007,
  0.06931931931931933,
  0.06981981981981981,
  0.07232232232232232,
  0.07557557557557558,
  0.07532532532532532,
  0.07532532532532532,
  0.07507507507507508,
  0.07507507507507508,
  0.07507507507507508,
  0.07507507507507508,
  0.07507507507507508,
  0.07507507507507508,
  0.07507507507507508,
  0.07507507507507508,
  0.07557557557557558
 ],
 "f1_at_8": [
  0.006926740501494768,
  0.005635272938375563,
  0.005720869090143703,
  0.004678426152295608,
  0.065334623244253,
  0.06915922225216764,
  0.07091196013374675,
  0.07113448927698554,
  0.07113448927698554,
  0.07135701786846092,
  0.07113448927698554,
  0.07199704718752394,
  0.09800193848585358,
  0.10887425742707577,
  0.10887425742707577,
  0.10887425742707577,
  0.10887425742707577,
  0.11468999678648491,
  0.12234827123880758,
  0.12106931126185727,
  0.12193985165614529,
  0.1261558580598643,
  0.13155824902577645,
  0.13109677611414253,
  0.13113604619999905,
  0.13073435827503904,
  0.13073435827503904,
  0.13073435827503904,
  0.13073435827503904,
  0.13073435827503904,
  0.13073435827503904,
  0.13073435827503904,
  0.13073435827503904,
  0.13155824902577645
 ],
 "rec_at_15": [
  0.0629535698163149,
  0.04517626870568048,
  0.029941145627420136,
  0.01906360141654259,
  0.2920032076894822,
  0.30937772506399963,
  0.31621789857083976,
  0.3177194000723413,
  0.3166182989712402,
  0.3166182989712402,
  0.3186203009732422,
  0.39798776367403815,
  0.4371936362132441,
  0.4386951377147456,
  0.4396961387157466,
  0.4386951377147456,
  0.4653884977414389,
  0.4980461553990966,
  0.5217953948346106,
  0.5308377705436528,
  0.55127487431409,
  0.5522758753150909,
  0.5522758753150909,
  0.5517753748145905,
  0.5551120448179272,
  0.5761863404020267,
  0.5757859400016263,
  0.57294977049879,
  0.5872807681631211,
  0.5814415956572819,
  0.5814415956572819,
  0.5814415956572819,
  0.5814415956572819,
  0.5522758753150909
 ],
 "prec_at_15": [
  0.006006006006006006,
  0.004204204204204204,
  0.0031364698031364703,
  0.0022689356022689354,
  0.021287954621287953,
  0.02242242242242242,
  0.022889556222889556,
  0.023023023023023025,
  0.022889556222889556,
  0.022889556222889556,
  0.023023023023023025,
  0.031164497831164498,
  0.03450116783450117,
  0.03463463463463463,
  0.03470136803470136,
  0.034634634634634634,
  0.036369703036369695,
  0.039239239239239235,
  0.04184184184184184,
  0.043109776443109774,
  0.04537871204537871,
  0.045445445445445445,
  0.045445445445445445,
  0.04537871204537871,
  0.04584584584584584,
  0.04831498164831498,
  0.04838171504838171,
  0.04831498164831498,
  0.049516182849516185,
  0.04904904904904905,
  0.04904904904904905,
  0.04904904904904905,
  0.04904904904904905,
  0.045445445445445445
 ],
 "f1_at_15": [
  0.010965830746711815,
  0.00769252490429923,
  0.005678129932241888,
  0.004055221741634906,
  0.03968290065200172,
  0.04181431558740908,
  0.042689048947177954,
  0.04293484207969814,
  0.042692693230051454,
  0.042692693230051454,
  0.042943046210320045,
  0.05780274233833535,
  0.06395529859447932,
  0.06420067656139623,
  0.06432604436531567,
  0.06420067656139625,
  0.06746692503743901,
  0.07274700722897359,
  0.07747139104297338,
  0.07974351571267704,
  0.08385483419948753,
  0.08398035101218253,
  0.08398035101218253,
  0.08386061955668653,
  0.08469672045003106,
  0.0891541185890063,
  0.08926291214430634,
  0.08911517207884563,
  0.09133178748461795,
  0.09046655199090219,
  0.09046655199090219,
  0.09046655199090219,
  0.09046655199090219,
  0.08398035101218253
 ],