{
 "acc_macro": [
  0.008662200769875875,
  0.009262534400408176,
  0.007264215456152409,
  0.007477409440249719,
  0.00742317825349946
 ],
 "prec_macro": [
  0.009860613540517642,
  0.010491313388164808,
  0.008124522612831179,
  0.008495178664372825,
  0.008416967901557989
 ],
 "rec_macro": [
  0.03555544912431929,
  0.04249745825279235,
  0.041600602113801774,
  0.03718956724791322,
  0.036989059648833214
 ],
 "f1_macro": [
  0.015439407227430016,
  0.016828250171622275,
  0.01359413513547002,
  0.013830963132784629,
  0.013713409631684928
 ],
 "acc_micro": [
  0.15230317925949416,
  0.15886108373573424,
  0.11054621506136211,
  0.12922889099473614,
  0.12231138145566783
 ],
 "prec_micro": [
  0.1711209846501472,
  0.1805624086524408,
  0.12061433287289584,
  0.14443954803570255,
  0.13536082179850517
 ],
 "rec_micro": [
  0.5807091403755834,
  0.5692956521097995,
  0.5697675275936562,
  0.550995731001482,
  0.5592240597512331
 ],
 "f1_micro": [
  0.2643456722168708,
  0.2741676046685865,
  0.1990844029039422,
  0.22887988790456573,
  0.2179633628895872
 ],
 "rec_at_8": [
  0.681065342749631,
  0.6943223785200484,
  0.6872416655809831,
  0.692869967797836,
  0.6848190932656846
 ],
 "prec_at_8": [
  0.2729840921557872,
  0.27750959956116295,
  0.27446173889193637,
  0.2773038946791004,
  0.2731897970378497
 ],
 "f1_at_8": [
  0.3897492047835228,
  0.3965317659332082,
  0.3922655190718078,
  0.396084759665622,
  0.3905717180508016
 ],
 "rec_at_15": [
  0.7613905345903856,
  0.7741652345343967,
  0.7680796320625943,
  0.7712842232158283,
  0.7641070469797443
 ],
 "prec_at_15": [
  0.16994148838910222,
  0.17264947888096543,
  0.17135856646553302,
  0.1721759005302615,
  0.1703400987383434
 ],
 "f1_at_15": [
  0.2778640431147596,
  0.282334489349002,
  0.2802036895834814,
  0.2815096311006517,
  0.2785777032454244
 ],
 "auc_macro": [
  0.8056698955402852,
  0.8400297544609383,
  0.837483005429232,
  0.8528836170308249,
  0.8554001767581092
 ],
 "auc_micro": [
  0.9783621178350832,
  0.9804845161644055,
  0.979223866868862,
  0.9811553616618631,
  0.9816021599264975
 ],
 "loss_dev": [
  0.005315321975537914,
  0.00465084584642611,
  0.005831773375390056,
  0.004657779816475338,
  0.005065689912960964
 ],
 "loss_tr": [
  0.001585327516189041,
  0.0009583557396642693,
  0.0009636586179825378,
  0.0009813244542227768,
  0.0009754209321175325
 ]
}