{
 "acc_macro": [
  0.0036461498238779173,
  0.004097137583423676,
  0.00537864710159791,
  0.005860862227012058,
  0.012398200390867593,
  0.020856125596243932,
  0.027529743123647,
  0.03069033692886392,
  0.032868597442655814,
  0.0347442744763681,
  0.03744019731031428,
  0.039204998428542304,
  0.04030885530170611,
  0.04052042506996464,
  0.040476791930061255,
  0.042359537843227685,
  0.043030348782670605
 ],
 "prec_macro": [
  0.004804782652814614,
  0.0051497059743073085,
  0.0070674357648784015,
  0.00818478630077111,
  0.019826341115951017,
  0.03690115690750757,
  0.056964564552068296,
  0.06346064118085641,
  0.0660240780689355,
  0.06867931181070429,
  0.07182899774440091,
  0.07484097185452145,
  0.07445195019624105,
  0.07460301844546458,
  0.07388728267570949,
  0.07678610412261469,
  0.07620290623835597
 ],
 "rec_macro": [
  0.24283278273041878,
  0.14289056245011805,
  0.11313147345127247,
  0.08391285500378037,
  0.07115430837758352,
  0.06452428450868458,
  0.04635105017883147,
  0.04806202818894179,
  0.04890572751493237,
  0.05100188011262952,
  0.053822213311252635,
  0.05588038268218033,
  0.05735539536601581,
  0.05872306880174876,
  0.059325133958985476,
  0.062066027451755434,
  0.06440142342471153
 ],
 "f1_macro": [
  0.009423115916942486,
  0.009941138191020688,
  0.013303771670092338,
  0.014914796434848367,
  0.031011640334877893,
  0.04695115374907325,
  0.051112649270788645,
  0.05469824462700018,
  0.05619004669955196,
  0.0585350792534097,
  0.06153535021354151,
  0.06398559994056294,
  0.06479488712955471,
  0.06571734422638603,
  0.0658102758487192,
  0.06864580892422174,
  0.06980689204393718
 ],
 "acc_micro": [
  0.0002683170149041006,
  0.0005420668967331603,
  0.0014049818991054223,
  0.0024626549454057297,
  0.007800391883352952,
  0.03139106734866512,
  0.15905085288897652,
  0.23531855688032619,
  0.2959222249180439,
  0.2920959268608856,
  0.33919013332255515,
  0.3519521816822046,
  0.35722760699976497,
  0.35891558374409704,
  0.35462989672878326,
  0.3620682745868088,
  0.36167976629731546
 ],
 "prec_micro": [
  0.0002683698050740933,
  0.0005422655527195563,
  0.001406302328429566,
  0.002468184238229284,
  0.00785876128701525,
  0.032550654333170406,
  0.21460167793326515,
  0.40565637049559866,
  0.5576632711651744,
  0.560678816981338,
  0.6099850473500581,
  0.6092821916725142,
  0.6161017032929011,
  0.6191037735849056,
  0.6198307938972865,
  0.6182730001075343,
  0.6075438746357622
 ],
 "rec_micro": [
  0.5812547464037927,
  0.6099801664835691,
  0.602120490455581,
  0.5260379417381239,
  0.512250329944186,
  0.46841752132655995,
  0.3805896968937322,
  0.3591414815415582,
  0.38668721291169295,
  0.3787906716115285,
  0.43312270974496603,
  0.45454143287939897,
  0.4595108715687648,
  0.46063157584292447,
  0.4532069100266167,
  0.46630882775807536,
  0.47194184134661465
 ],
 "f1_micro": [
  0.0005364919076914209,
  0.0010835678257486827,
  0.002806050892344972,
  0.004913315069376146,
  0.015480033439510316,
  0.06087131902229917,
  0.2744501718669832,
  0.3809844117854098,
  0.45669750734733866,
  0.4521273084894328,
  0.5065600841622365,
  0.5206577369390065,
  0.526407811272626,
  0.5282382335409083,
  0.5235819725892044,
  0.531644824774506,
  0.5312258803415966
 ],
 "rec_at_8": [
  0.009830026329058324,
  0.125625670990087,
  0.2506117118122029,
  0.35271702268090616,
  0.42672688779369605,
  0.5252695551738165,
  0.5653409183116063,
  0.5933887836957746,
  0.6523729236622698,
  0.66031235165193,
  0.6993395792104751,
  0.710613813680771,
  0.7156009572783137,
  0.7171266964586118,
  0.7269256110697926,
  0.7183154598587437,
  0.7269370378653771
 ],
 "prec_at_8": [
  0.005355183763027976,
  0.054072956664838176,
  0.10684654415798135,
  0.1522078990674712,
  0.17936437191442678,
  0.2200253702687877,
  0.2386519473395502,
  0.24596818431157433,
  0.26781404278661547,
  0.2718904278661547,
  0.28639947888096545,
  0.2910141250685683,
  0.2907055677454745,
  0.29233406472846957,
  0.2932357377948437,
  0.29286204059243004,
  0.29480938014262204
 ],
 "f1_at_8": [
  0.006933272186328795,
  0.07560382126548769,
  0.1498188663175446,
  0.21265069191553268,
  0.25256790617628694,
  0.31013931377408993,
  0.33562414998924767,
  0.34777756611231303,
  0.37973724136685355,
  0.38517930167245784,
  0.40637629076910153,
  0.41292509773272257,
  0.41345092651541654,
  0.41535158207539896,
  0.41789579289834905,
  0.41608388491527626,
  0.41949323972893593
 ],
 "rec_at_15": [
  0.012696428524277851,
  0.156550692509661,
  0.3042543085844018,
  0.4284933468673438,
  0.5190153941277034,
  0.617200182807428,
  0.6691943369912513,
  0.6910646337329719,
  0.7354220264914733,
  0.7423835387202282,
  0.7777590180574215,
  0.7878506699641897,
  0.790200676839921,
  0.7924632297861781,
  0.7989493883155614,
  0.7920457857095164,
  0.796859927797996
 ],
 "prec_at_15": [
  0.0038215395867617474,
  0.03703602121045895,
  0.07247028707259096,
  0.10268787712561711,
  0.12198208081916256,
  0.14309562991406108,
  0.15442128359846408,
  0.1580581459133297,
  0.16604498080087765,
  0.16905650027427319,
  0.17608703602121048,
  0.1783397330407753,
  0.1775809105869446,
  0.17866520387639423,
  0.17891936368623151,
  0.17846589870177362,
  0.1794368257451088
 ],
 "f1_at_15": [
  0.0058748029890663255,
  0.05990095763165217,
  0.11705844184519462,
  0.1656725432480321,
  0.19753768221356258,
  0.23232706918578117,
  0.25093707771356116,
  0.25727349997513066,
  0.27092092174531957,
  0.27539883601279735,
  0.28716013374042537,
  0.2908434563630985,
  0.28999219981596797,
  0.2915898651639905,
  0.29236544450836904,
  0.2912961589851352,
  0.29291507011292334
 ],
 "auc_macro": [
  0.5294732495375876,
  0.6028529315086364,
  0.6899093974625075,
  0.746280002766969,
  0.8006295914882644,
  0.8530241739240201,
  0.8991795084160058,
  0.9199660398542686,
  0.9221985977393191,
  0.9222726065481381,
  0.9207676800838134,
  0.921422457066283,
  0.9195178947839543,
  0.9212134373463662,
  0.9199604181587538,
  0.9206616073890598,
  0.9204614090570974
 ],
 "auc_micro": [
  0.3441150465428516,
  0.6551508624354919,
  0.8476013145360086,
  0.9082299202856141,
  0.9569532398541198,
  0.9783984202605568,
  0.9872321353615551,
  0.9895566707953337,
  0.9901377494696258,
  0.9905325392187319,
  0.9910650173097566,
  0.9913382668568329,
  0.9912573374947704,
  0.9914022442942091,
  0.9913840372636508,
  0.9913232407867927,
  0.9913875417211689
 ],
 "loss_dev": [
  9.057634029772485,
  3.6230561495919607,
  0.9840519514365684,
  0.45769708019712857,
  0.10162547523064579,
  0.0186596956723503,
  0.003015249122321255,
  0.0021985180588526914,
  0.001810149115477806,
  0.0018548286172514262,
  0.0018126650363205741,
  0.0017937543492490577,
  0.0018014879113250816,
  0.0017965681361078246,
  0.0018209923320871436,
  0.0018335559132876182,
  0.0018310257196612373
 ],
 "loss_tr": [
  0.0010801717866126264,
  0.0036286065033375803,
  0.0022295826084342643,
  0.0015719788601624926,
  0.0013592271690802814,
  0.0011533718506346001,
  0.0011187804604784488,
  0.0011173571450424692,
  0.0011355100133559328,
  0.0011701679260207299,
  0.0012085161559938808,
  0.0012039899675101125,
  0.0012006542180652338,
  0.0011977269424601202,
  0.0011960995292326,
  0.00119088189460113,
  0.001190406079102189
 ]
}