{
 "acc_macro": [
  0.001827609762259706,
  0.005167481523609614,
  0.00813231831836328,
  0.010204444265374915,
  0.012193422817196589,
  0.013697325106561133,
  0.014838407532194675,
  0.015324173194833602,
  0.015212407144463685,
  0.01440196953739979,
  0.013471157275976857,
  0.013006825672406611,
  0.012944900709717641,
  0.014036039341185148,
  0.014070267472208572,
  0.013804422499227715
 ],
 "prec_macro": [
  0.00209654051549726,
  0.005968598132913206,
  0.00919543520308367,
  0.011367682244887573,
  0.013554094986015097,
  0.015117393042632236,
  0.01645278469451621,
  0.016797479273390592,
  0.01643328484104878,
  0.01539380162096256,
  0.014265154365352924,
  0.013683308867450589,
  0.013617274075534503,
  0.014795824032085526,
  0.01479053125411129,
  0.014437650550627823
 ],
 "rec_macro": [
  0.006109261736184133,
  0.018443884013441648,
  0.03132932101680333,
  0.04060979915849808,
  0.048622994546743334,
  0.057664725357364915,
  0.06091270578542343,
  0.06418003264280946,
  0.06832368003334277,
  0.06908089684580646,
  0.07019297066893662,
  0.07420117884199706,
  0.07304353772656678,
  0.07728306248168289,
  0.0803474415700691,
  0.08395839787939416
 ],
 "f1_macro": [
  0.003121770268607852,
  0.009018675858221385,
  0.014217814898303944,
  0.01776304970530716,
  0.021198827141750757,
  0.02395479376216566,
  0.02590776914179438,
  0.02662622603664982,
  0.026494164746001567,
  0.025177186569321802,
  0.02371147977885001,
  0.023105730599026705,
  0.022955101665576287,
  0.02483667291021531,
  0.02498227175653983,
  0.024638428650624912
 ],
 "acc_micro": [
  0.08676892943934633,
  0.1997669978317854,
  0.21781167749906,
  0.22781024675337347,
  0.23777854722627556,
  0.2330588358972562,
  0.23485043686022816,
  0.2310845647470423,
  0.2187469628676145,
  0.18614631069222062,
  0.15612730430156913,
  0.1416519483118244,
  0.14100033362989323,
  0.15721005382121367,
  0.15002397315007193,
  0.14271679633592124
 ],
 "prec_micro": [
  0.10052488625554397,
  0.23171052137682518,
  0.24565268273877544,
  0.25397507403549896,
  0.2635140691038861,
  0.25437290279151836,
  0.2560651374951793,
  0.25147785225485186,
  0.23627278538003238,
  0.19919117238312303,
  0.16497087442096062,
  0.1486099164637791,
  0.14803819832127046,
  0.16581432295181397,
  0.15742844161744662,
  0.14906762268761006
 ],
 "rec_micro": [
  0.38803648187334566,
  0.5916802453752517,
  0.6577501861696244,
  0.688599045926756,
  0.7088528264604178,
  0.7355506565704975,
  0.7392224376792574,
  0.7402325461368882,
  0.7467724454209645,
  0.7397459245441609,
  0.7444056949472458,
  0.7515796769127546,
  0.7478489113685126,
  0.7518377338179888,
  0.7613194818217343,
  0.7701081627085653
 ],
 "f1_micro": [
  0.15968238894004744,
  0.3330096563629498,
  0.3577099505998588,
  0.3710838011911999,
  0.38420208163909597,
  0.378017381024105,
  0.38037065842138207,
  0.37541623275006214,
  0.35897026951832617,
  0.31386736866143927,
  0.2700867001768245,
  0.2481525976831853,
  0.2471521339197602,
  0.27170530242472685,
  0.2609058187528663,
  0.2497850679950401
 ],
 "rec_at_8": [
  0.5572714284563522,
  0.7088369128361108,
  0.751801456693607,
  0.7756476804396417,
  0.789852054017101,
  0.7938495521505068,
  0.800903287322043,
  0.8049688684396235,
  0.809935587990289,
  0.8146240488374766,
  0.8194693192652586,
  0.8189302888496576,
  0.8239090689689497,
  0.8224719676208694,
  0.8207637648194073,
  0.819351215736932
 ],
 "prec_at_8": [
  0.22132131102578168,
  0.2840167306637411,
  0.30198162369720244,
  0.31133433900164564,
  0.31739577619308834,
  0.31890770707624794,
  0.3219864234777839,
  0.3239029072956665,
  0.32606623697202414,
  0.328325562260011,
  0.3304443225452551,
  0.33021461876028524,
  0.33263165112452003,
  0.33179168952276467,
  0.33086601755348327,
  0.3299917718047175
 ],
 "f1_at_8": [
  0.3168178609659386,
  0.40554122730078185,
  0.43088606908750193,
  0.44432337162662555,
  0.45282672753555675,
  0.4550224019490943,
  0.4593148954098767,
  0.46193334331575336,
  0.46495110053978744,
  0.4680204556144305,
  0.47097273083025337,
  0.47065039636503386,
  0.473927513707358,
  0.4728371408614542,
  0.4716148234000268,
  0.47049342509967085
 ],
 "rec_at_15": [
  0.6315237700256198,
  0.7835859107197803,
  0.825870265193943,
  0.8483834849393286,
  0.8615792542056785,
  0.8662085125419935,
  0.8714296766277664,
  0.8750955853648227,
  0.8786859029442488,
  0.8830072782359231,
  0.8856603208656606,
  0.8861715601497754,
  0.8894859952383424,
  0.8896632069431722,
  0.8896336299707324,
  0.889024084504674
 ],
 "prec_at_15": [
  0.1370213933077345,
  0.17296397878954106,
  0.18367343207167672,
  0.18954470652770158,
  0.19298957761930885,
  0.19417260925214846,
  0.19567562625708537,
  0.19681294569391114,
  0.19782227098189797,
  0.1989614189065643,
  0.19977509599561166,
  0.1999707441945511,
  0.20079539221064183,
  0.2008502468458585,
  0.20090144450539404,
  0.20070762479429516
 ],
 "f1_at_15": [
  0.22518459813227812,
  0.2833770372626206,
  0.3005128484581213,
  0.3098607398812171,
  0.31534369561627174,
  0.3172330468353128,
  0.31958898011689035,
  0.321352307457195,
  0.32293975096585925,
  0.3247494709350289,
  0.3260127187153597,
  0.32630786160966757,
  0.32763044721445944,
  0.32771548870553074,
  0.3277816285323155,
  0.32748228002036106
 ],
 "auc_macro": [
  0.7156568028521753,
  0.8299461106645902,
  0.8601532802152309,
  0.8781888768638931,
  0.8862894578356714,
  0.8825202786203062,
  0.884525919617491,
  0.893846240835693,
  0.8995547814784223,
  0.8944794842959776,
  0.8945908868809707,
  0.8926918005811028,
  0.8969304388370261,
  0.9003742646682936,
  0.8945344359659788,
  0.886633142570811
 ],
 "auc_micro": [
  0.967436098130998,
  0.9836101583976701,
  0.9875232194899667,
  0.9892921619466843,
  0.9901606205638447,
  0.9905090500904115,
  0.9906375713734952,
  0.9909597528334906,
  0.991304350262945,
  0.991003464918375,
  0.9909410939367204,
  0.9908082122272754,
  0.9908107499937017,
  0.9910135760555971,
  0.990801672505268,
  0.9905526462429513
 ],
 "loss_dev": [
  0.006869665178244268,
  0.003815231295925527,
  0.0032503387451840375,
  0.0030291368515147493,
  0.002890419515683085,
  0.002937858043948464,
  0.0029174449940603427,
  0.002902658903092349,
  0.0031218096029841384,
  0.003510633071366946,
  0.003948330471338224,
  0.004346026558978282,
  0.004308889152746945,
  0.00406610695820299,
  0.0043311612653971505,
  0.004749425544418545
 ],
 "loss_tr": [
  0.005301439217609519,
  0.001238412769415004,
  0.0010267672623629,
  0.0009400595812027466,
  0.0008969157714143737,
  0.0008669635754056487,
  0.0008476277886324068,
  0.0008394892624378189,
  0.0008290617344297958,
  0.0008259656347725802,
  0.0008255692828214649,
  0.0008341902234095249,
  0.0008416938089669077,
  0.0008343921938798995,
  0.0008335476953219566,
  0.0008280243081615811
 ]
}