{
 "acc_macro": [
  0.0001947138759339237,
  0.00016170192808681586,
  0.00016744509228641623,
  0.0001674155980942731
 ],
 "prec_macro": [
  0.0002988735870803441,
  0.00027728934068743937,
  0.00028928131171864185,
  0.000293374217750349
 ],
 "rec_macro": [
  0.007958269535564883,
  0.0025522245730794156,
  0.002433876243226102,
  0.002209369464721908
 ],
 "f1_macro": [
  0.0005761112597221224,
  0.0005002305630745775,
  0.0005171018554712847,
  0.0005179691735703599
 ],
 "acc_micro": [
  0.00029622340659271677,
  0.0002596915976783571,
  0.00026536570890095084,
  0.00026665273207624883
 ],
 "prec_micro": [
  0.00030422786062334474,
  0.00028338283536671763,
  0.0002937038423094596,
  0.0002975894397771595
 ],
 "rec_micro": [
  0.011133312197243951,
  0.0030966828628095763,
  0.0027427762499170534,
  0.002558449889035531
 ],
 "f1_micro": [
  0.0005922713685430164,
  0.0005192483509228712,
  0.0005305906172466198,
  0.0005331632947033223
 ],
 "rec_at_8": [
  0.0014234708192481596,
  0.0003760510451416058,
  0.0003623373863374369,
  0.0003669086059388265
 ],
 "prec_at_8": [
  0.0004045529347229841,
  0.00013713658804168953,
  0.0001337081733406473,
  0.00013027975863960504
 ],
 "f1_at_8": [
  0.0006300457487692623,
  0.0002009805144381248,
  0.0001953347595396027,
  0.00019228432533828412
 ],
 "rec_at_15": [
  0.001608086225014358,
  0.0004089019601416677,
  0.0003906170817361091,
  0.0003860458621347194
 ],
 "prec_at_15": [
  0.000248674346315597,
  8.228195282501371e-05,
  8.045346498445785e-05,
  7.679648930334613e-05
 ],
 "f1_at_15": [
  0.00043073920999747386,
  0.0001369965542691322,
  0.00013342586551661005,
  0.00012810827198468753
 ],
 "auc_macro": [
  0.5036564565985736,
  0.501306401172753,
  0.5014256030313393,
  0.5012743581793447
 ],
 "auc_micro": [
  0.49951604687214024,
  0.49974290028775986,
  0.4998285052798004,
  0.4998588648476466
 ],
 "loss_dev": [
  0.6931480130339087,
  0.6931477089782894,
  0.693147702153018,
  0.6931476984305887
 ],
 "loss_tr": [
  0.6934566534803062,
  0.6931478687495026,
  0.693147601091152,
  0.6931475998101239
 ]
}