{
 "acc_macro": [
  0.008821434289158268,
  0.009541241991297186,
  0.009510161422325539,
  0.00824876371049137,
  0.00897570766949527,
  0.015419131983156656,
  0.015288901959064979,
  0.014699271970301055,
  0.01454395752573672,
  0.013995141337547262,
  0.014320905571199468
 ],
 "prec_macro": [
  0.010421136107996342,
  0.011049882715777984,
  0.011338446683258716,
  0.009627934238436598,
  0.011172469086646509,
  0.028014256153638215,
  0.027570375407166156,
  0.027039396972280916,
  0.02724928237991678,
  0.026991450009583744,
  0.02572817693788452
 ],
 "rec_macro": [
  0.039124079580248564,
  0.044347561459328486,
  0.037470646899003576,
  0.03490758055364577,
  0.02947328152305263,
  0.024542458283182755,
  0.023349304241947064,
  0.024248678028923942,
  0.022163684664081553,
  0.020902310065531234,
  0.022154117352265214
 ],
 "f1_macro": [
  0.016458394730637357,
  0.017691623148077984,
  0.017409007251303003,
  0.015093028184920866,
  0.016202890671663875,
  0.026163686994230197,
  0.025284883482483922,
  0.02556811232481226,
  0.024444777884041025,
  0.023559798033554204,
  0.023807758570958598
 ],
 "acc_micro": [
  0.16433744085113156,
  0.15538193941710537,
  0.1720869079314992,
  0.154841962687969,
  0.19718648381167822,
  0.34632878858759675,
  0.34063720667594205,
  0.33662871642863557,
  0.3369391436552419,
  0.3398305033700556,
  0.3437408281383909
 ],
 "prec_micro": [
  0.18515078646209304,
  0.17389275374843366,
  0.1966977835775848,
  0.17463510364283086,
  0.2423407331211165,
  0.5951878184389469,
  0.6181140207252791,
  0.5852218383400676,
  0.6496219611492381,
  0.649906117888286,
  0.6277227510505102
 ],
 "rec_micro": [
  0.593811058107042,
  0.5934424053852789,
  0.5790133378554734,
  0.5773765197708455,
  0.5141599510429186,
  0.45304470282904097,
  0.4314342802792913,
  0.44211046310154906,
  0.4117703441004505,
  0.41598035818298446,
  0.4317586946744428
 ],
 "f1_micro": [
  0.28228490313083254,
  0.2689706911906485,
  0.29364189083077197,
  0.26816130291553375,
  0.3294164885388004,
  0.5144787685197202,
  0.508172091569111,
  0.5036981658273517,
  0.5040455958736276,
  0.5072738716058263,
  0.5116177479173675
 ],
 "rec_at_8": [
  0.6143200127533776,
  0.636171676936514,
  0.6543413729782349,
  0.659923952114558,
  0.6608571852712167,
  0.6712918299375074,
  0.6707960797782645,
  0.6687664953404352,
  0.6798182857698801,
  0.6838810890122298,
  0.6800642616009324
 ],
 "prec_at_8": [
  0.2457144816236972,
  0.25425123422929236,
  0.26289083927591883,
  0.2645947613823368,
  0.26560271530444324,
  0.27298066374108615,
  0.27288466812945694,
  0.2721064179923203,
  0.27690619857377946,
  0.2781232857926495,
  0.27755416895227647
 ],
 "f1_at_8": [
  0.351026207603663,
  0.3633047443288624,
  0.37508572075211966,
  0.37773690914224334,
  0.3789164813877495,
  0.38812883045322005,
  0.38794892450371815,
  0.3868230298516519,
  0.3935216466475672,
  0.39543116548948165,
  0.39421687164844604
 ],
 "rec_at_15": [
  0.7085558971314431,
  0.725970628817998,
  0.7414540624473444,
  0.7415644071495603,
  0.7422756496264841,
  0.7446801377353185,
  0.7435869194506377,
  0.7418533957338167,
  0.7527204022791049,
  0.7549681661567301,
  0.7531167946461312
 ],
 "prec_at_15": [
  0.15704516364966173,
  0.16125982812214298,
  0.1656335710367526,
  0.16540866703236426,
  0.16598281221429878,
  0.16829036386908028,
  0.1684019016273542,
  0.16796489303346132,
  0.17060340098738344,
  0.1710440665569574,
  0.17091607240811849
 ],
 "f1_at_15": [
  0.2571052228598872,
  0.26389963939845407,
  0.2707779923118401,
  0.27048472241779103,
  0.2712994261864573,
  0.27453787636143656,
  0.2746118118261559,
  0.2739125555054946,
  0.2781617026813361,
  0.27890090583808136,
  0.2786042990350714
 ],
 "auc_macro": [
  0.8129452050547308,
  0.8235702308333243,
  0.8330831268708063,
  0.8327198536311705,
  0.8303375209128744,
  0.895636829251867,
  0.9118792830364061,
  0.9116787974227022,
  0.9222444314867897,
  0.923052612247204,
  0.9242435206136468
 ],
 "auc_micro": [
  0.9806200920672773,
  0.9783004300503363,
  0.9798145005109101,
  0.9787502356617241,
  0.9809055485576468,
  0.986791896145729,
  0.9876927974212841,
  0.9881542486544646,
  0.9891074670564497,
  0.9894074928110971,
  0.9895537085426642
 ],
 "loss_dev": [
  0.004331389443975454,
  0.005209291802123542,
  0.004176518308271389,
  0.004615076108548918,
  0.0031008380223264934,
  0.0012682254621079595,
  0.0012347769245651238,
  0.0012773016671297544,
  0.0012047016133614945,
  0.0011911541627160549,
  0.0011942706639692126
 ],
 "loss_tr": [
  0.0018103363976958479,
  0.0010934093757477043,
  0.0010977590451831446,
  0.0011099072618948856,
  0.0011315897447192773,
  0.0011327677087118039,
  0.0011207846370957439,
  0.0011236943923720773,
  0.0011275955090300327,
  0.0011187673726752948,
  0.0011172903365270054
 ]
}